{
    "locations":[
       {
        "name":"Dharwizi",
        "coords":[
           -20.320952,
           57.523404
        ]
     },
     {
        "name":"VAITIVE DISTRIBUTION -EXCLUSIVE BRANDS: 34 HILLSIDE ROAD EXTENSION",
        "coords":[
           -20.320952,
           57.523404
        ]
     },
     {
        "name":"150 ENTERPRISE ROAD, HIGHLANDS",
        "coords":[
           -20.496098,
           57.563393
        ]
     },
     {
        "name":"WAVERLY BLANKETS: 122 KELVIN ROAD SOUTH",
        "coords":[
           -20.496745,
           57.555907
        ]
     },
     {
        "name":"TV SALES AND HOME, 16 KELVIN ROAD",
        "coords":[
           -20.501697,
           57.556743
        ]
     },
     {
        "name":"SHASHA TOBACCO: 376 LIMPOPO WAY",
        "coords":[
           -20.258015,
           57.757907
        ]
     },
     {
        "name":"SEAPRIDES FOODS: MUKUVISI STAND 18363",
        "coords":[
           -20.261578,
           57.759194
        ]
     },
     {
        "name":"324 HARROW ROAD",
        "coords":[
           -20.258015,
           57.757907
        ]
     },
     {
        "name":"GLENDALE SPINNERS: 326 MUTITI DRIVE",
        "coords":[
           -20.261578,
           57.759194
        ]
     },
     {
        "name":"OK MART - HILLSIDE HARARE",
        "coords":[
           -20.258015,
           57.757907
        ]
     },
     {
        "name":"PUREOIL ZIMBABWE- ZIMGOLD72 LYTTON ROAD",
        "coords":[
           -20.261578,
           57.759194
        ]
     },
     {
        "name":"1 CHALES PRINCE AIRPORT ROAD",
        "coords":[
           -20.258015,
           57.757907
        ]
     },
     {
        "name":"8 NEW DAVIES WAY, WATERFALLS",
        "coords":[
           -20.261578,
           57.759194
        ]
     },
     {
        "name":"ST DOMINICS CHRISTIAN COLLEGE - CHISHAWASHA",
        "coords":[
           -20.258015,
           57.757907
        ]
     },
     {
        "name":"BILJEN SERVICESCORNER KAMBUZUMA ROAD AND HIGHGLEN ROAD",
        "coords":[
           -20.261578,
           57.759194
        ]
     },
     {
        "name":"FULL ON ZIM - SOUTHERTON  - EX RAM SOUTHERTON",
        "coords":[
           -20.258015,
           57.757907
        ]
     },
     {
        "name":"CYMMYT",
        "coords":[
           -20.261578,
           57.759194
        ]
     },
     {
        "name":"SCRIBANTE - DELIVER - WESTGATE",
        "coords":[
           -20.261578,
           57.759194
        ]
     },
     {
        "name":"ZAMEBEZI CRESCENT - VIC FALLS",
        "coords":[
           -20.261578,
           57.759194
        ]
     },
     {
        "name":"WINDMILL - COVENTRY",
        "coords":[
           -20.261578,
           57.759194
        ]
     },
     {
        "name":"FULLON: SEKE ROAD",
        "coords":[
           -20.261578,
           57.759194
        ]
     }
    ]
}