{
    "locations":[
       {
          "name":"DCS",
          "coords":[
             -20.16782,
             57.48314
          ],
          "city":"Port Louis",
          "id":"14"
       },
       {
          "name":"Voila Hotel",
          "coords":[
             -20.22442,
             57.49452
          ],
          "city":"Bagatelle",
          "id":"1"
       },
       {
          "name":"Intercontinental",
          "coords":[
             -20.08292,
             57.517429
          ],
          "city":"Balaclava",
          "id":"2"
       },
       {
          "name":"Lagoon Attitude Hotel",
          "coords":[
             -20.01511,
             57.58171
          ],
          "city":"Anse La Raie",
          "id":"3"
       },
       {
          "name":"ClubMed ",
          "coords":[
             -20.00447,
             57.56293
          ],
          "city":"Pointe aux Canonniers",
          "id":"4"
       },
       {
          "name":"LUX Grand Gaube Resort & Villas",
          "coords":[
             -20.02255,
             57.65055
          ],
          "city":"Grand Gaube",
          "id":"6"
       },
       {
          "name":"One&Only Le Saint Géran",
          "coords":[
             -20.0924,
             57.69941
          ],
          "city":"Pointe de Flacq",
          "id":"7"
       },
       {
          "name":"Holiday inn",
          "coords":[
             -20.2833,
             57.549999
          ],
          "city":"Plaine Magnien ",
          "id":"8"
       },
       {
          "name":"Sofitel ",
          "coords":[
             -20.27865,
             57.37215
          ],
          "city":"Flic en Flac ",
          "id":"9"
       },
       {
          "name":"The St. Regis Mauritius Resort",
          "coords":[
             -20.43979,
             57.322
          ],
          "city":"Le Morne",
          "id":"10"
       },
       {
          "name":"SSR International Airport",
          "coords":[
             -20.429712,
             57.66075
          ],
          "city":"Plaine Magnien ",
          "id":"11"
       },
       {
          "name":"Dr AG Jeetoo Hospital",
          "coords":[
             -20.17258,
             57.505
          ],
          "city":"Port Louis",
          "id":"12"
       },
       {
          "name":"Moka E.N.T Hospital",
          "coords":[
             -20.21743,
             57.49222
          ],
          "city":"Moka",
          "id":"13"
       }
    ]
 }
 